Vacancy;Company;Salary range;Curr;Brutto/netto;Link
INVESTICIJŲ APSKAITOS SPECIALISTAS (-Ė);UAB „People Link“;1800-2200;€/mėn.;Neatskaičius mokesčių;https://www.cvbankas.lt/investiciju-apskaitos-specialistas-e-vilniuje/1-11116525
PROJEKTŲ VADOVAS (-Ė) (VALYMO PASLAUGOS);Pastatų administravimo, priežiūros ir inžinerinių sprendimų įmonių grupė;2400-2600;€/mėn.;Neatskaičius mokesčių;https://www.cvbankas.lt/projektu-vadovas-e-valymo-paslaugos-vilniuje/1-11116843
Lauko inžinerinių tinklų darbų vadovas;UAB „Gilva“;1800-2500;€/mėn.;Į rankas;https://www.cvbankas.lt/lauko-inzineriniu-tinklu-darbu-vadovas-vilniuje/1-6314171
Apskaitos projektų vadovas (-ė);UAB „BDO auditas ir apskaita“;1700-2500;€/mėn.;Į rankas;https://www.cvbankas.lt/apskaitos-projektu-vadovas-e-vilniuje/1-11116457
ERP diegimų projektų vadovas (-ė);UAB „People Link“;4000-4500;€/mėn.;Neatskaičius mokesčių;https://www.cvbankas.lt/erp-diegimu-projektu-vadovas-e-vilniuje/1-11116401
Statybų projektų vadovas (-ė);SBA Grupė;2700-3000;€/mėn.;Į rankas;https://www.cvbankas.lt/statybu-projektu-vadovas-e-vilniuje/1-11116223
Statybos darbų vadovas (-ė) - Lauko inžinerinių tinklų;UAB „Gevalda“;3300-4000;€/mėn.;Neatskaičius mokesčių;https://www.cvbankas.lt/statybos-darbu-vadovas-e-lauko-inzineriniu-tinklu-vilniuje/1-8644906
Pardavimų projektų vadovas (-ė);Edrana Baltic, UAB;1400-1600;€/mėn.;Į rankas;https://www.cvbankas.lt/pardavimu-projektu-vadovas-e-vilniuje/1-11115853
Projektų vadovas (-ė) – Atsinaujinančių energetikos išteklių centre;EPSO-G grupė;2400-3300;€/mėn.;Neatskaičius mokesčių;https://www.cvbankas.lt/projektu-vadovas-e-atsinaujinanciu-energetikos-istekliu-centre-vilniuje/1-10898942
Online marketingo projektų vadovas (-ė);UAB „Kesko Senukai Digital“;Nuo 1750;€/mėn.;Neatskaičius mokesčių;https://www.cvbankas.lt/online-marketingo-projektu-vadovas-e-vilniuje/1-11115413
PARDAVIMO PROJEKTŲ VADOVAS (-Ė) (VERSLO SKOLŲ IŠIEŠKOJIMAS);UAB „Coface Baltics Services“;2200-2800;€/mėn.;Neatskaičius mokesčių;https://www.cvbankas.lt/pardavimo-projektu-vadovas-e-verslo-skolu-isieskojimas-vilniuje/1-10388607
Statybos darbų vadovas (-ė);UAB „Gevalda“;3300-4000;€/mėn.;Neatskaičius mokesčių;https://www.cvbankas.lt/statybos-darbu-vadovas-e-vilniuje/1-6322667
Statybų projektų vadovas (-ė);„Teltonikos“ įmonių grupė;3000-4000;€/mėn.;Į rankas;https://www.cvbankas.lt/statybu-projektu-vadovas-e-vilniuje/1-10581798
Projektų vadovas (-ė) Nekilnojamojo turto ir planavimo skyriuje;EPSO-G grupė;2200-2900;€/mėn.;Neatskaičius mokesčių;https://www.cvbankas.lt/projektu-vadovas-e-nekilnojamojo-turto-ir-planavimo-skyriuje-vilniuje/1-10661676
Statybos projektų vadovas;UAB „Pavilnio investicijos“;1600-1800;€/mėn.;Į rankas;https://www.cvbankas.lt/statybos-projektu-vadovas-vilniuje/1-11111573
Elektromobilių įkrovimo stotelių, elektros energijos kaupimo įrenginių bei saulės parkų projektų vadovas (-ė);UAB „Axioma servisas“;1850-2050;€/mėn.;Į rankas;https://www.cvbankas.lt/elektromobiliu-ikrovimo-stoteliu-elektros-energijos-kaupimo-irenginiu-bei-saules-parku-projektu-vadovas-e-vilniuje/1-11113067
Apsaugos sistemų vadovas (-ė);„Lietuvos geležinkelių“ grupė;1840-2760;€/mėn.;Neatskaičius mokesčių;https://www.cvbankas.lt/apsaugos-sistemu-vadovas-e-vilniuje/1-11113119
ZOOMBOOK PROJEKTO VADOVAS (-Ė);UAB „BALTO trader“;Nuo 2900;€/mėn.;Neatskaičius mokesčių;https://www.cvbankas.lt/zoombook-projekto-vadovas-e-vilniuje/1-11112149
PRODUKTO VADOVAS (-Ė) eSVEIKATOS SKYRIUJE;Registrų Centras, VĮ;2384-3576;€/mėn.;Neatskaičius mokesčių;https://www.cvbankas.lt/produkto-vadovas-e-esveikatos-skyriuje-vilniuje/1-11112151
OBJEKTO STATYBŲ VADOVAS (-Ė);UAB „Sirin Development“;3360-3800;€/mėn.;Neatskaičius mokesčių;https://www.cvbankas.lt/objekto-statybu-vadovas-e-vilniuje/1-10998607
STATYBOS PROJEKTŲ VADOVAS (-Ė);UAB „Sirin Development“;4100-4630;€/mėn.;Neatskaičius mokesčių;https://www.cvbankas.lt/statybos-projektu-vadovas-e-vilniuje/1-10998571
PRODUKTO VADOVAS (-Ė);Registrų Centras, VĮ;2384-3576;€/mėn.;Neatskaičius mokesčių;https://www.cvbankas.lt/produkto-vadovas-e-vilniuje/1-11112061
Verslo klientų projektų vadovas (darbas su esamais klientais);UAB „TELE2“;2149-3900;€/mėn.;Neatskaičius mokesčių;https://www.cvbankas.lt/verslo-klientu-projektu-vadovas-darbas-su-esamais-klientais-vilniuje/1-11112095
Pardavimo projektų vadovas - vadybininkas (medicinos prekės, įranga);Įmonės pavadinimas paslėptas;1100-1200;€/mėn.;Į rankas;https://www.cvbankas.lt/pardavimo-projektu-vadovas-vadybininkas-medicinos-prekes-iranga-vilniuje/1-4485533
IT Techninių sprendimų vadovas;Telia;2300-3450;€/mėn.;Neatskaičius mokesčių;https://www.cvbankas.lt/it-techniniu-sprendimu-vadovas-vilniuje/1-11112011
Energetikos projektų vadovas (-ė);TMV Capital įmonių grupė;2500-3000;€/mėn.;Į rankas;https://www.cvbankas.lt/energetikos-projektu-vadovas-e-vilniuje/1-11014185
Statybos darbų vadovas;UAB „Aimena“;1700-2500;€/mėn.;Į rankas;https://www.cvbankas.lt/statybos-darbu-vadovas-vilniuje/1-9619043
PROJEKTŲ VADOVAS (-Ė) PARODŲ STENDAI;UAB „INK IDEA“;Nuo 2400;€/mėn.;Neatskaičius mokesčių;https://www.cvbankas.lt/projektu-vadovas-e-parodu-stendai-vilniuje/1-11111559
Strateginės infrastruktūros departamento vadovas (-ė);EPSO-G grupė;6200-7500;€/mėn.;Neatskaičius mokesčių;https://www.cvbankas.lt/strategines-infrastrukturos-departamento-vadovas-e-vilniuje/1-10710584
Pardavimų projektų vadovas (-ė);UAB „ISS Lietuva“;Nuo 3600;€/mėn.;Neatskaičius mokesčių;https://www.cvbankas.lt/pardavimu-projektu-vadovas-e-vilniuje/1-11109445
Procesų vadovas (-ė);AB ŠIAULIŲ BANKAS;2740-3500;€/mėn.;Neatskaičius mokesčių;https://www.cvbankas.lt/procesu-vadovas-e-vilniuje/1-11109459
Verslo klientų projektų vadovas (-ė);CITY SERVICE įmonių grupė;1897-2631;€/mėn.;Neatskaičius mokesčių;https://www.cvbankas.lt/verslo-klientu-projektu-vadovas-e-vilniuje/1-10582110
PROJEKTŲ VADOVAS (-Ė);UAB „INK IDEA“;Nuo 2400;€/mėn.;Neatskaičius mokesčių;https://www.cvbankas.lt/projektu-vadovas-e-vilniuje/1-9512520
Media projektų vadovas (-ė) (Account manager);UAB „BPN LT“;1700-2200;€/mėn.;Į rankas;https://www.cvbankas.lt/media-projektu-vadovas-e-account-manager-vilniuje/1-11091809
Viešųjų pirkimų projektų vadovas (-ė);EPSO-G grupė;2650-3300;€/mėn.;Neatskaičius mokesčių;https://www.cvbankas.lt/viesuju-pirkimu-projektu-vadovas-e-vilniuje/1-11108413
PARDAVIMO PROJEKTŲ VADOVAS (-Ė) (B2B);UAB „GiveLove“;1300-1400;€/mėn.;Į rankas;https://www.cvbankas.lt/pardavimo-projektu-vadovas-e-b2b-vilniuje/1-10474984
Specialistas (-ė) Investicijų apskaitos grupėje;AB ŠIAULIŲ BANKAS;1790-2200;€/mėn.;Neatskaičius mokesčių;https://www.cvbankas.lt/specialistas-e-investiciju-apskaitos-grupeje-vilniuje/1-11108241
Resursų užtikrinimo padalinio vadovas (-ė);UAB „Hotrema“;Nuo 5000;€/mėn.;Neatskaičius mokesčių;https://www.cvbankas.lt/resursu-uztikrinimo-padalinio-vadovas-e-vilniuje/1-10971962
Centralizuotų sveikatos priežiūros įstaigų pirkimų poskyrio vadovas (-ė);Vilniaus miesto savivaldybės administracija;2338-3910;€/mėn.;Neatskaičius mokesčių;https://www.cvbankas.lt/centralizuotu-sveikatos-prieziuros-istaigu-pirkimu-poskyrio-vadovas-e-vilniuje/1-11107989
Projektų valdymo vadovas (-ė);UAB „Verslo investicijos personalui“;3400-5000;€/mėn.;Neatskaičius mokesčių;https://www.cvbankas.lt/projektu-valdymo-vadovas-e-vilniuje/1-11106495
Projektų vadovas (-ė);UAB „Gerbūvio projektai“;2000-3500;€/mėn.;Į rankas;https://www.cvbankas.lt/projektu-vadovas-e-vilniuje/1-11106309
RINKODAROS PROJEKTŲ VADOVAS (-Ė) DARBUI SU RENGINIAIS;UAB „ISM Vadybos ir ekonomikos universitetas“;Nuo 2300;€/mėn.;Neatskaičius mokesčių;https://www.cvbankas.lt/rinkodaros-projektu-vadovas-e-darbui-su-renginiais-vilniuje/1-11105861
Statybos projektų vadovas;UAB „Indema“;2500-2800;€/mėn.;Neatskaičius mokesčių;https://www.cvbankas.lt/statybos-projektu-vadovas-vilniuje/1-7630203
Projektų Vadovas;UAB „VYGĖJA“;Nuo 2000;€/mėn.;Į rankas;https://www.cvbankas.lt/projektu-vadovas-vilniuje/1-9728343
Nekilnojamojo turto projektų vadovas;UAB „Mobilumas“;Nuo 4000;€/mėn.;Neatskaičius mokesčių;https://www.cvbankas.lt/nekilnojamojo-turto-projektu-vadovas-vilniuje/1-11104795
ŠVOK projektų dalies vadovas (-ė);Pastatų administravimo, priežiūros ir inžinerinių sprendimų įmonių grupė;2631-3636;€/mėn.;Neatskaičius mokesčių;https://www.cvbankas.lt/svok-projektu-dalies-vadovas-e-vilniuje/1-11105483
Architektas (-ė) - projekto vadovas (-ė);UAB „Synergy Solutions“;2500-3500;€/mėn.;Neatskaičius mokesčių;https://www.cvbankas.lt/architektas-e-projekto-vadovas-e-vilniuje/1-11105405
DARBŲ VADOVAS ŠVOK VN inžinerinės sistemos;UAB „LIUNETĖ“;1800-2800;€/mėn.;Į rankas;https://www.cvbankas.lt/darbu-vadovas-svok-vn-inzinerines-sistemos-vilniuje/1-9463266
Projekto inžinierinės dalies (Elektros) savikainos skaičiavimo projektų vadovas (-ė);UAB „INFES“;Nuo 2400;€/mėn.;Į rankas;https://www.cvbankas.lt/projekto-inzinierines-dalies-elektros-savikainos-skaiciavimo-projektu-vadovas-e-vilniuje/1-11104845
STATYBOS VADOVAS (-Ė);UAB „Indema“;2315-3900;€/mėn.;Neatskaičius mokesčių;https://www.cvbankas.lt/statybos-vadovas-e-vilniuje/1-10146199
PARDAVIMŲ PROJEKTŲ VADOVAS (-Ė);UAB „Duomenų logistikos centras“;2600-3600;€/mėn.;Neatskaičius mokesčių;https://www.cvbankas.lt/pardavimu-projektu-vadovas-e-vilniuje/1-9506544
Pardavimų vadovas (-ė) maitinimo sektoriuje;UAB „Gvazdikėlis“;1500-2400;€/mėn.;Į rankas;https://www.cvbankas.lt/pardavimu-vadovas-e-maitinimo-sektoriuje-vilniuje/1-11102589
Pirkimų skyriaus vadovas (statybų sektoriuje);Bonava Lietuva, UAB;4500-5000;€/mėn.;Neatskaičius mokesčių;https://www.cvbankas.lt/pirkimu-skyriaus-vadovas-statybu-sektoriuje-vilniuje/1-11102437
MARKETINGO PROJEKTŲ VADOVAS;UAB „Entafarma“;2000-3000;€/mėn.;Neatskaičius mokesčių;https://www.cvbankas.lt/marketingo-projektu-vadovas-vilniuje/1-11102357
Pardavimų projektų vadovas (-ė);UAB „People Link“;3000-4100;€/mėn.;Neatskaičius mokesčių;https://www.cvbankas.lt/pardavimu-projektu-vadovas-e-vilniuje/1-11102353
PROJEKTŲ VADOVAS (-Ė);UAB „Glansa“;2000-2700;€/mėn.;Į rankas;https://www.cvbankas.lt/projektu-vadovas-e-vilniuje/1-10309969
Statybos projektų vadovas (-ė);Atranka360;3000;€/mėn.;Į rankas;https://www.cvbankas.lt/statybos-projektu-vadovas-e-vilniuje/1-11102307
Projekto inžinierinės dalies (ŠVOK / VN) savikainos skaičiavimo projektų vadovas (-ė);UAB „INFES“;Nuo 2400;€/mėn.;Į rankas;https://www.cvbankas.lt/projekto-inzinierines-dalies-svok-vn-savikainos-skaiciavimo-projektu-vadovas-e-vilniuje/1-11102223
Projektų vadovas;MB „Adisoftas“;Nuo 1500;€/mėn.;Į rankas;https://www.cvbankas.lt/projektu-vadovas-vilniuje/1-10254199
Statybos projektų vadovas (-ė);UAB „HSC Baltic“;2700-3000;€/mėn.;Į rankas;https://www.cvbankas.lt/statybos-projektu-vadovas-e-vilniuje/1-7648063
IT paslaugų skyriaus vadovas (-ė);UAB Medicinos bankas;3200-5000;€/mėn.;Neatskaičius mokesčių;https://www.cvbankas.lt/it-paslaugu-skyriaus-vadovas-e-vilniuje/1-11101987
PERSONALO SKYRIAUS PROJEKTŲ VADOVAS (-Ė) | PRISIJUNK PRIE LYDERIAUJANČIOS ĮDARBINIMO ĮMONĖS!;UAB „Biuro“;1500-2200;€/mėn.;Neatskaičius mokesčių;https://www.cvbankas.lt/personalo-skyriaus-projektu-vadovas-e-prisijunk-prie-lyderiaujancios-idarbinimo-imones-vilniuje/1-11101941
Eksploatacijos tarnybos vadovas (-ė);UAB „Vilniaus apšvietimas“;3700-4500;€/mėn.;Neatskaičius mokesčių;https://www.cvbankas.lt/eksploatacijos-tarnybos-vadovas-e-vilniuje/1-11101675
PARDAVIMŲ PROJEKTŲ VADOVAS (-Ė);UAB „FERN Group“;Nuo 2000;€/mėn.;Į rankas;https://www.cvbankas.lt/pardavimu-projektu-vadovas-e-vilniuje/1-10977344
STRATEGINIŲ POKYČIŲ PROJEKTŲ VADOVAS (-Ė);AB „Lietuvos automobilių kelių direkcija“;2832-4248;€/mėn.;Neatskaičius mokesčių;https://www.cvbankas.lt/strateginiu-pokyciu-projektu-vadovas-e-vilniuje/1-11101631
Energetikos inžinierius - projektų vadovas;IKI Lietuva, UAB;2300-2900;€/mėn.;Neatskaičius mokesčių;https://www.cvbankas.lt/energetikos-inzinierius-projektu-vadovas-vilniuje/1-11101557
Muitinės tarpininko atstovų vadovas (-ė);EVERWEST, UAB;3636-4794;€/mėn.;Neatskaičius mokesčių;https://www.cvbankas.lt/muitines-tarpininko-atstovu-vadovas-e-vilniuje/1-11101143
PARDAVIMŲ PROJEKTŲ VADOVAS (-Ė) VOKIETIJOS RINKAI;UAB Emplonet;2800-3000;€/mėn.;Neatskaičius mokesčių;https://www.cvbankas.lt/pardavimu-projektu-vadovas-e-vokietijos-rinkai-vilniuje/1-11100855
PROJEKTŲ VADOVAS (-Ė);AB „Lietuvos automobilių kelių direkcija“;2832-4300;€/mėn.;Neatskaičius mokesčių;https://www.cvbankas.lt/projektu-vadovas-e-vilniuje/1-11100769
Tiekimo projektų vadovas (-ė);UAB „LW group“;1700-2000;€/mėn.;Į rankas;https://www.cvbankas.lt/tiekimo-projektu-vadovas-e-vilniuje/1-11061393
Rinkodaros projektų vadovas;VšĮ „BC Wolves“;3100-3300;€/mėn.;Neatskaičius mokesčių;https://www.cvbankas.lt/rinkodaros-projektu-vadovas-vilniuje/1-10427382
Projektų vadovas (-ė);UAB „FIMA“;Nuo 2807;€/mėn.;Neatskaičius mokesčių;https://www.cvbankas.lt/projektu-vadovas-e-vilniuje/1-11100485
AKTYVIŲ PARDAVIMŲ PROJEKTŲ VADOVAS (-Ė) VILNIUJE;UAB „Jaukurai“;1500-2500;€/mėn.;Į rankas;https://www.cvbankas.lt/aktyviu-pardavimu-projektu-vadovas-e-vilniuje-vilniuje/1-10928474
Projektų savikainos skaičiavimo vadovas (-ė);UAB „INFES“;Nuo 3310;€/mėn.;Neatskaičius mokesčių;https://www.cvbankas.lt/projektu-savikainos-skaiciavimo-vadovas-e-vilniuje/1-9657681
Personalo paieškos vadovas (-ė) - įmonės direktorius (-ė);„Hirelabas“ įmonių grupė;3000-4200;€/mėn.;Neatskaičius mokesčių;https://www.cvbankas.lt/personalo-paieskos-vadovas-e-imones-direktorius-e-vilniuje/1-11097679
Atsinaujinančios energetikos produkto vadovas (-ė);EPSO-G grupė;3000-3800;€/mėn.;Neatskaičius mokesčių;https://www.cvbankas.lt/atsinaujinancios-energetikos-produkto-vadovas-e-vilniuje/1-9696801
Pastočių projektų skyriaus vadovas (-ė);EPSO-G grupė;4600-6400;€/mėn.;Neatskaičius mokesčių;https://www.cvbankas.lt/pastociu-projektu-skyriaus-vadovas-e-vilniuje/1-11001129
Teisininkas (-ė) Investicinės paslaugos;AB ŠIAULIŲ BANKAS;1760-3500;€/mėn.;Neatskaičius mokesčių;https://www.cvbankas.lt/teisininkas-e-investicines-paslaugos-vilniuje/1-11040549
Balansavimo produktų vadovas (-ė);EPSO-G grupė;3000-4500;€/mėn.;Neatskaičius mokesčių;https://www.cvbankas.lt/balansavimo-produktu-vadovas-e-vilniuje/1-10256465
Pardavimų vadovas (-ė);UAB „Terra Modus“;Nuo 1500;€/mėn.;Į rankas;https://www.cvbankas.lt/pardavimu-vadovas-e-vilniuje/1-11092287
Projektų vadovas (-ė) (ŠVOK, Šaldymas);UAB „BALTIC MASTER“;Nuo 1200;€/mėn.;Į rankas;https://www.cvbankas.lt/projektu-vadovas-e-svok-saldymas-vilniuje/1-11044515
Projektų vadovas (-ė) (restoranų, kavinių įranga, kepyklos);UAB „BALTIC MASTER“;Nuo 1200;€/mėn.;Į rankas;https://www.cvbankas.lt/projektu-vadovas-e-restoranu-kaviniu-iranga-kepyklos-vilniuje/1-11044531
YPATINGOJO STATINIO STATYBOS TECHNINĖS PRIEŽIŪROS VADOVAS (-Ė);UAB „Sweco Lietuva“;1980-2970;€/mėn.;Neatskaičius mokesčių;https://www.cvbankas.lt/ypatingojo-statinio-statybos-technines-prieziuros-vadovas-e-darbas-namuose/1-11092125
Projektų vadovas (-ė);UAB „People Link“;3400-4000;€/mėn.;Neatskaičius mokesčių;https://www.cvbankas.lt/projektu-vadovas-e-vilniuje/1-11092049
Pardavimų projektų vadovas (-ė) (premium apšvietimo sistemos);UAB „People Link“;2300-3000;€/mėn.;Neatskaičius mokesčių;https://www.cvbankas.lt/pardavimu-projektu-vadovas-e-premium-apsvietimo-sistemos-vilniuje/1-11091973
IT projektų vadovas (-ė);UAB „VAGOS prekyba“;1890-2450;€/mėn.;Neatskaičius mokesčių;https://www.cvbankas.lt/it-projektu-vadovas-e-vilniuje/1-11091693
Inovacijų ir technologijų miesto projektų kūrėja (-as);Amber staff;2380-2800;€/mėn.;Neatskaičius mokesčių;https://www.cvbankas.lt/inovaciju-ir-technologiju-miesto-projektu-kureja-as-vilniuje/1-11091621
Stažuotoja (-as) Naujų verslo klientų pažinimo skyriuje (KYC);Swedbank;1100-1600;€/mėn.;Neatskaičius mokesčių;https://www.cvbankas.lt/stazuotoja-as-nauju-verslo-klientu-pazinimo-skyriuje-kyc-vilniuje/1-11091557
Specialiųjų statybos darbų (elektrotechnikos) vadovas (-ė);AB „Panevėžio statybos trestas“;2750-3750;€/mėn.;Neatskaičius mokesčių;https://www.cvbankas.lt/specialiuju-statybos-darbu-elektrotechnikos-vadovas-e-vilniuje/1-10968368
IT VADOVAS (-Ė);UAB „People Link“;3300-4100;€/mėn.;Neatskaičius mokesčių;https://www.cvbankas.lt/it-vadovas-e-vilniuje/1-11091335
Nekilnojamojo turto valdymo ir vystymo Projektų vadovas;Swedbank;2450-3650;€/mėn.;Neatskaičius mokesčių;https://www.cvbankas.lt/nekilnojamojo-turto-valdymo-ir-vystymo-projektu-vadovas-vilniuje/1-11091179
Tele2: Prekės ženklo vadovas (B2B segmentas);UAB „People Link“;4200-4620;€/mėn.;Neatskaičius mokesčių;https://www.cvbankas.lt/tele2-prekes-zenklo-vadovas-b2b-segmentas-vilniuje/1-11091105
Statybos vadovas;UAB „VEIKUS“;2000-2500;€/mėn.;Į rankas;https://www.cvbankas.lt/statybos-vadovas-vilniuje/1-11091107
Teisės grupės vadovas (-ė);SBA Grupė;3000-3600;€/mėn.;Į rankas;https://www.cvbankas.lt/teises-grupes-vadovas-e-vilniuje/1-11089291
Projektų vadovas (-ė);VšĮ „Neutralus klimatui Vilnius“;2000-2900;€/mėn.;Neatskaičius mokesčių;https://www.cvbankas.lt/projektu-vadovas-e-vilniuje/1-9758195
Statybos darbų vadovas (-ė);UAB „Rimgauda“;2500-3500;€/mėn.;Į rankas;https://www.cvbankas.lt/statybos-darbu-vadovas-e-vilniuje/1-11088919
Atitikties vadovas (-ė) Pinigų plovimo ir teroristų finansavimo prevencija;AB ŠIAULIŲ BANKAS;2800-4500;€/mėn.;Neatskaičius mokesčių;https://www.cvbankas.lt/atitikties-vadovas-e-pinigu-plovimo-ir-teroristu-finansavimo-prevencija-vilniuje/1-11088753
Technologijų plėtros projektų vadovas (-ė);TMV Capital įmonių grupė;2200-3000;€/mėn.;Į rankas;https://www.cvbankas.lt/technologiju-pletros-projektu-vadovas-e-vilniuje/1-9649867
Jaunesnysis(-ioji) projektų vadovas (-ė);Multiplex, UAB;1100-1300;€/mėn.;Į rankas;https://www.cvbankas.lt/jaunesnysis-ioji-projektu-vadovas-e-vilniuje/1-11088245
Projektų vadovas (-ė);Multiplex, UAB;1600-1800;€/mėn.;Į rankas;https://www.cvbankas.lt/projektu-vadovas-e-vilniuje/1-11088219
Projektų vadovas (-ė) (teritorijų atnaujinimas);VšĮ „Atnaujinkime miestą“;1400-2000;€/mėn.;Į rankas;https://www.cvbankas.lt/projektu-vadovas-e-teritoriju-atnaujinimas-vilniuje/1-8917250
Saugos projektų vadovas (-ė);UAB „Ekskomisarų biuras“;2360;€/mėn.;Neatskaičius mokesčių;https://www.cvbankas.lt/saugos-projektu-vadovas-e-vilniuje/1-8244893
Specialiųjų dalių projektų vadovas (-ė) elektrotechnikos dalims;UAB „INFES“;3310-4140;€/mėn.;Neatskaičius mokesčių;https://www.cvbankas.lt/specialiuju-daliu-projektu-vadovas-e-elektrotechnikos-dalims-vilniuje/1-9420133
KOMUNIKACIJOS PROJEKTŲ VADOVAS (-Ė);AB „Lietuvos automobilių kelių direkcija“;2832-4248;€/mėn.;Neatskaičius mokesčių;https://www.cvbankas.lt/komunikacijos-projektu-vadovas-e-vilniuje/1-11085383
Atitikties vadovas (-ė) Tarptautinių sankcijų įgyvendinimo srityje;AB ŠIAULIŲ BANKAS;2800-4500;€/mėn.;Neatskaičius mokesčių;https://www.cvbankas.lt/atitikties-vadovas-e-tarptautiniu-sankciju-igyvendinimo-srityje-vilniuje/1-11080961
Jaunesnysis projektų vadovas (-ė);UAB „Sintesi consulting“;800-1800;€/mėn.;Į rankas;https://www.cvbankas.lt/jaunesnysis-projektu-vadovas-e-vilniuje/1-9271314
Projektų vadovas (-ė);UAB „AQUAHOME“;1400-1600;€/mėn.;Į rankas;https://www.cvbankas.lt/projektu-vadovas-e-vilniuje/1-4259667
Ekspertas (-ė) (atestavimo padalinys);VšĮ „Statybos sektoriaus vystymo agentūra“;Nuo 1800;€/mėn.;Į rankas;https://www.cvbankas.lt/ekspertas-e-atestavimo-padalinys-vilniuje/1-9816241
Pardavimų projektų vadovas (-ė) (inžinerinių sprendimų aktyvūs pardavimai LT / LV);CITY SERVICE įmonių grupė;3300-5000;€/mėn.;Neatskaičius mokesčių;https://www.cvbankas.lt/pardavimu-projektu-vadovas-e-inzineriniu-sprendimu-aktyvus-pardavimai-lt-lv-vilniuje/1-10070831
KARJERA IR PATRAUKLUS DARBO UŽMOKESTIS T A L E N T I N G I E M S STATYBŲ INŽINERIJOS S T U D E N T A M S;UAB „Hanner“;Nuo 1650;€/mėn.;Neatskaičius mokesčių;https://www.cvbankas.lt/karjera-ir-patrauklus-darbo-uzmokestis-t-a-l-e-n-t-i-n-g-i-e-m-s-statybu-inzinerijos-s-t-u-d-e-n-t-a-m-s-vilniuje/1-11082173
Projektų vadovas;UAB „Akrusta“;1400-2500;€/mėn.;Į rankas;https://www.cvbankas.lt/projektu-vadovas-vilniuje/1-11081969
Bendrųjų krovinių logistikos skyriaus vadovas (-ė);UAB „Autoverslo terminalas“;1500-2500;€/mėn.;Į rankas;https://www.cvbankas.lt/bendruju-kroviniu-logistikos-skyriaus-vadovas-e-vilniuje/1-11081963
PARDAVIMŲ PROJEKTŲ VADOVAS;UAB „Expertus LT“;1200-1500;€/mėn.;Į rankas;https://www.cvbankas.lt/pardavimu-projektu-vadovas-vilniuje/1-11081883
RYTŲ REGIONO STATYBOS PROJEKTŲ VADOVAS (-Ė);AB „Kelių priežiūra“;3720-4080;€/mėn.;Neatskaičius mokesčių;https://www.cvbankas.lt/rytu-regiono-statybos-projektu-vadovas-e-vilniuje/1-11080641
LEAN vadovas (-ė);EVERWEST, UAB;3030-3790;€/mėn.;Neatskaičius mokesčių;https://www.cvbankas.lt/lean-vadovas-e-vilniuje/1-11080569
STATINIO PROJEKTŲ VADOVAS (-Ė);UAB „Sweco Lietuva“;2480-4600;€/mėn.;Neatskaičius mokesčių;https://www.cvbankas.lt/statinio-projektu-vadovas-e-darbas-namuose/1-10738678
STATYBOS DARBŲ VADOVAS (-Ė) - MEISTRAS (-Ė) (kelių statyba);UAB „Kamitra“ ir Ko;1700-2500;€/mėn.;Į rankas;https://www.cvbankas.lt/statybos-darbu-vadovas-e-meistras-e-keliu-statyba-vilniuje/1-11080105
Klientų patirties valdymo skyriaus projektų vadovas (-ė)| SEB, Vilnius;SEB;2400-3600;€/mėn.;Neatskaičius mokesčių;https://www.cvbankas.lt/klientu-patirties-valdymo-skyriaus-projektu-vadovas-e-seb-vilnius-vilniuje/1-9662117
Turizmo projektų vadovas (-ė);STFF Stafferty, UAB;1400;€/mėn.;Į rankas;https://www.cvbankas.lt/turizmo-projektu-vadovas-e-vilniuje/1-11078001
Plėtros skyriaus projektų vadovas (-ė);VšĮ „Atnaujinkime miestą“;2300-2900;€/mėn.;Neatskaičius mokesčių;https://www.cvbankas.lt/pletros-skyriaus-projektu-vadovas-e-vilniuje/1-9156603
ELEKTROMOBILIŲ ĮKROVIMO STOTELIŲ VERSLUI PARDAVIMŲ VADOVAS (-Ė);UAB „VEESLA“;1500-2500;€/mėn.;Į rankas;https://www.cvbankas.lt/elektromobiliu-ikrovimo-stoteliu-verslui-pardavimu-vadovas-e-vilniuje/1-11077643
Personalo projektų vadovas (-ė) Vilniuje;UAB „HEADEX“;1752-2104;€/mėn.;Neatskaičius mokesčių;https://www.cvbankas.lt/personalo-projektu-vadovas-e-vilniuje-vilniuje/1-11077519
Statybos vadovas (-ė);AB „Panevėžio statybos trestas“;2750-3750;€/mėn.;Neatskaičius mokesčių;https://www.cvbankas.lt/statybos-vadovas-e-vilniuje/1-11077039
Projekto vadovas (-ė);AB „Panevėžio statybos trestas“;3750-4750;€/mėn.;Neatskaičius mokesčių;https://www.cvbankas.lt/projekto-vadovas-e-vilniuje/1-11077035
Statybos projektų vadovas (-ė);UAB „Strateginis partneris“;Nuo 1700;€/mėn.;Į rankas;https://www.cvbankas.lt/statybos-projektu-vadovas-e-vilniuje/1-6256525
Statybos darbų vadovas (vidaus apdaila);UAB „Strateginis partneris“;Nuo 1300;€/mėn.;Į rankas;https://www.cvbankas.lt/statybos-darbu-vadovas-vidaus-apdaila-vilniuje/1-6256543
IT sprendimų pardavimo projektų vadovas (-ė);ATEA grupė;1500-2500;€/mėn.;Į rankas;https://www.cvbankas.lt/it-sprendimu-pardavimo-projektu-vadovas-e-vilniuje/1-11076733
ŠVOK projekto dalies vadovas (-ė);„Teltonikos“ įmonių grupė;2500-3000;€/mėn.;Į rankas;https://www.cvbankas.lt/svok-projekto-dalies-vadovas-e-vilniuje/1-10774292
Projektavimo Projektų vadovas (-ė);UAB „Aplan“;3000-4600;€/mėn.;Neatskaičius mokesčių;https://www.cvbankas.lt/projektavimo-projektu-vadovas-e-vilniuje/1-4384123
NT plėtros projektų vadovas (-ė) Vilniuje;UAB „INFES“;Nuo 4600;€/mėn.;Neatskaičius mokesčių;https://www.cvbankas.lt/nt-pletros-projektu-vadovas-e-vilniuje-vilniuje/1-10984188
Partnerystės projekto vadovas (-ė) (terminuota sutartis);AAS „BTA Baltic Insurance Company“ filialas Lietuvoje;1800-4500;€/mėn.;Neatskaičius mokesčių;https://www.cvbankas.lt/partnerystes-projekto-vadovas-e-terminuota-sutartis-vilniuje/1-10981606
Projektų vadovas (-ė) - Projektų įgyvendinimo skyriuje;EPSO-G grupė;2400-3700;€/mėn.;Neatskaičius mokesčių;https://www.cvbankas.lt/projektu-vadovas-e-projektu-igyvendinimo-skyriuje-vilniuje/1-9704891
NT eksploatacijos komandos vadovas (-ė), vyriausiasis inžinierius (-ė);„Lietuvos geležinkelių“ grupė;1835-2755;€/mėn.;Neatskaičius mokesčių;https://www.cvbankas.lt/nt-eksploatacijos-komandos-vadovas-e-vyriausiasis-inzinierius-e-vilniuje/1-11068295
GAMYBOS VADOVAS – MEISTRAS;UAB „Dreamfront“;1700-2300;€/mėn.;Neatskaičius mokesčių;https://www.cvbankas.lt/gamybos-vadovas-meistras-vilniuje/1-11067921
Jaunesnysis projektų vadovas (-ė);UAB „People Link“;2200-3200;€/mėn.;Neatskaičius mokesčių;https://www.cvbankas.lt/jaunesnysis-projektu-vadovas-e-vilniuje/1-11067609
Produkto vadovas (-ė);UAB „Artilux NMF“;2500-3500;€/mėn.;Neatskaičius mokesčių;https://www.cvbankas.lt/produkto-vadovas-e-vilniuje/1-11068017
Inovacijų diegimo skyriaus vadovas (-ė);UAB „Verslo investicijos personalui“;3100-4499;€/mėn.;Neatskaičius mokesčių;https://www.cvbankas.lt/inovaciju-diegimo-skyriaus-vadovas-e-vilniuje/1-11067721
Veiklos efektyvinimo vadovas (-ė);UAB „Verslo investicijos personalui“;3500-5000;€/mėn.;Neatskaičius mokesčių;https://www.cvbankas.lt/veiklos-efektyvinimo-vadovas-e-vilniuje/1-11067693
Rinkodaros ir el. komercijos projektų vadovas;Pop trade, UAB;1000-1300;€/mėn.;Į rankas;https://www.cvbankas.lt/rinkodaros-ir-el-komercijos-projektu-vadovas-vilniuje/1-11053693
Projektų valdymo vadovas (-ė) (vyriausiasis patarėja (-s));Lietuvos Respublikos ryšių reguliavimo tarnyba;3150-3900;€/mėn.;Neatskaičius mokesčių;https://www.cvbankas.lt/projektu-valdymo-vadovas-e-vyriausiasis-patareja-s-vilniuje/1-11067203
Vyr. buhalteris (-ė);UAB „Manpower Lit“;3000;€/mėn.;Neatskaičius mokesčių;https://www.cvbankas.lt/vyr-buhalteris-e-vilniuje/1-11067101
IT Infrastruktūros Vadovas (-ė);UAB „Longo Shared Services“;1500-2350;€/mėn.;Neatskaičius mokesčių;https://www.cvbankas.lt/it-infrastrukturos-vadovas-e-vilniuje/1-11066875
Darbų vadovas (-ė);UAB „Naresta“;Nuo 2807;€/mėn.;Neatskaičius mokesčių;https://www.cvbankas.lt/darbu-vadovas-e-vilniuje/1-11065043
Statybos vadovas (-ė);UAB „Naresta“;Nuo 3306;€/mėn.;Neatskaičius mokesčių;https://www.cvbankas.lt/statybos-vadovas-e-vilniuje/1-11065039
Statinio statybos vadovas (-ė);UAB „Naresta“;Nuo 4000;€/mėn.;Neatskaičius mokesčių;https://www.cvbankas.lt/statinio-statybos-vadovas-e-vilniuje/1-11064983
Projekto vadovas (-ė);UAB „Naresta“;Nuo 4800;€/mėn.;Neatskaičius mokesčių;https://www.cvbankas.lt/projekto-vadovas-e-vilniuje/1-11064801
SAULĖS PARKŲ STATYBŲ VADOVAS (-Ė);Talent Lab;4000-4600;€/mėn.;Neatskaičius mokesčių;https://www.cvbankas.lt/saules-parku-statybu-vadovas-e-vilniuje/1-11065183
Techninio aptarnavimo projektų vadovas (-ė);UAB „Ekskomisarų biuras“;2455-3305;€/mėn.;Neatskaičius mokesčių;https://www.cvbankas.lt/techninio-aptarnavimo-projektu-vadovas-e-vilniuje/1-9603747
PRODUKTŲ IR ĮRANGOS PIRKIMO VADOVAS (-Ė);UAB „Solet“;Nuo 1500;€/mėn.;Į rankas;https://www.cvbankas.lt/produktu-ir-irangos-pirkimo-vadovas-e-vilniuje/1-11064483
Projektų vadovas (-ė);UAB „Betono mozaika“;2200-2460;€/mėn.;Neatskaičius mokesčių;https://www.cvbankas.lt/projektu-vadovas-e-vilniuje/1-8098505
Projektų Vadovas;UAB „Motecha“;2500-4000;€/mėn.;Į rankas;https://www.cvbankas.lt/projektu-vadovas-lentvaryje/1-9660001
DARBŲ VADOVAS (-Ė) (KĖLIMO ĮRENGINIŲ DIEGIMO SRITYJE);UAB „Paradis“;1200-2000;€/mėn.;Į rankas;https://www.cvbankas.lt/darbu-vadovas-e-kelimo-irenginiu-diegimo-srityje-vilniuje/1-7014943
SAULĖS PARKŲ PROJEKTŲ VADOVAS (-Ė);Talent Lab;3700-5000;€/mėn.;Neatskaičius mokesčių;https://www.cvbankas.lt/saules-parku-projektu-vadovas-e-vilniuje/1-11064467
VERSLO PARDAVIMŲ PROJEKTŲ VADOVAS (-Ė);UAB „Solet“;Nuo 1500;€/mėn.;Į rankas;https://www.cvbankas.lt/verslo-pardavimu-projektu-vadovas-e-vilniuje/1-11064411
Statybų darbų vadovas (gerbuvio darbams) VILNIUS;UAB „RENOVAS“;1800-3800;€/mėn.;Į rankas;https://www.cvbankas.lt/statybu-darbu-vadovas-gerbuvio-darbams-vilnius-vilniuje/1-6571859
Statybos Darbų Vadovas (LVN TINKLAI);UAB „Stropus“;2000-2500;€/mėn.;Į rankas;https://www.cvbankas.lt/statybos-darbu-vadovas-lvn-tinklai-vilniuje/1-11063333
Pardavimo vadovas (-ė)/ VMG Wood Invest;VMGcorp;1800;€/mėn.;Į rankas;https://www.cvbankas.lt/pardavimo-vadovas-e-vmg-wood-invest-vilniuje/1-11063349
Informacinių sistemų projektų vadovas (-ė);EPSO-G grupė;2600-3600;€/mėn.;Neatskaičius mokesčių;https://www.cvbankas.lt/informaciniu-sistemu-projektu-vadovas-e-vilniuje/1-10784830
Verslo plėtros vadovas (-ė) FVL;UAB „Vitlaima“;3000-4000;€/mėn.;Į rankas;https://www.cvbankas.lt/verslo-pletros-vadovas-e-fvl-vilniuje/1-11061415
Privačių rėmėjų projektų vadovas (-ė);Maltos ordino pagalbos tarnyba;2300;€/mėn.;Neatskaičius mokesčių;https://www.cvbankas.lt/privaciu-remeju-projektu-vadovas-e-vilniuje/1-11061243
B2B PROJEKTŲ ĮGYVENDINIMO KOMANDOS VADOVAS (-Ė);Talent Lab;3800-4500;€/mėn.;Neatskaičius mokesčių;https://www.cvbankas.lt/b2b-projektu-igyvendinimo-komandos-vadovas-e-vilniuje/1-11061025
Interneto produktų vadovė (-as);UAB „Bitė Lietuva“;2800-3500;€/mėn.;Neatskaičius mokesčių;https://www.cvbankas.lt/interneto-produktu-vadove-as-vilniuje/1-11060887
Projektų vadovas (-ė) (Keliai);Atranka360;2400-4500;€/mėn.;Neatskaičius mokesčių;https://www.cvbankas.lt/projektu-vadovas-e-keliai-vilniuje/1-11060183
COO (Chief Operating Officer) – operacijų vadovas (-ė);UAB „Bunasta“;5785-7400;€/mėn.;Neatskaičius mokesčių;https://www.cvbankas.lt/coo-chief-operating-officer-operaciju-vadovas-e-vilniuje/1-11059905
Projektų koordinatorius (-ė);Telia;2300-3000;€/mėn.;Neatskaičius mokesčių;https://www.cvbankas.lt/projektu-koordinatorius-e-vilniuje/1-11059729
Statybos projektų vadovas (-ė) Vilniuje;UAB „INFES“;Nuo 4470;€/mėn.;Neatskaičius mokesčių;https://www.cvbankas.lt/statybos-projektu-vadovas-e-vilniuje-vilniuje/1-8380341
Statybos projektų vadovas (-ė);UAB „Gevalda“;4100-4900;€/mėn.;Neatskaičius mokesčių;https://www.cvbankas.lt/statybos-projektu-vadovas-e-vilniuje/1-5803725
Statybų vadovas (-ė);UAB „VEIKUS“;1500-2200;€/mėn.;Į rankas;https://www.cvbankas.lt/statybu-vadovas-e-vilniuje/1-11056895
VERSLO PLĖTROS DEPARTAMENTO PARTNERYSČIŲ VADOVAS (-Ė);UAB Emplonet;2600-4500;€/mėn.;Neatskaičius mokesčių;https://www.cvbankas.lt/verslo-pletros-departamento-partnerysciu-vadovas-e-vilniuje/1-11057163
PRODUKTŲ VALDYMO DEPARTAMENTO PROJEKTŲ VADOVAS (-Ė);UAB Emplonet;2600-4500;€/mėn.;Neatskaičius mokesčių;https://www.cvbankas.lt/produktu-valdymo-departamento-projektu-vadovas-e-vilniuje/1-11057161
Projektų vadovas (-ė) (baldai, šviestuvai);UAB „Light House Studio“;Nuo 2000;€/mėn.;Neatskaičius mokesčių;https://www.cvbankas.lt/projektu-vadovas-e-baldai-sviestuvai-vilniuje/1-10946644
Produktų vadovas. Instaliaciniai ir pramoniniai kabeliai bei jų aksesuarai;UAB „Helso“;Nuo 1350;€/mėn.;Į rankas;https://www.cvbankas.lt/produktu-vadovas-instaliaciniai-ir-pramoniniai-kabeliai-bei-ju-aksesuarai-vilniuje/1-8712712
MARKETINGO IR KOMUNIKACIJOS PROJEKTŲ VADOVAS (-Ė);UAB „Altas komercinis transportas“;2500-4000;€/mėn.;Neatskaičius mokesčių;https://www.cvbankas.lt/marketingo-ir-komunikacijos-projektu-vadovas-e-vilniuje/1-11056829
Uzbekistano rinkos projekto vadovas (-ė) || Karjeros galimybės;Transporto įmonių grupė;1700-3000;€/mėn.;Į rankas;https://www.cvbankas.lt/uzbekistano-rinkos-projekto-vadovas-e-karjeros-galimybes-vilniuje/1-11056245
Produktų ir paslaugų vystymo vadovas (-ė);EPSO-G grupė;4500-5000;€/mėn.;Neatskaičius mokesčių;https://www.cvbankas.lt/produktu-ir-paslaugu-vystymo-vadovas-e-vilniuje/1-10957352
Mechanikas (-ė);Atranka360;1930-4130;€/mėn.;Neatskaičius mokesčių;https://www.cvbankas.lt/mechanikas-e-vilniuje/1-9533104
Skaitmeninės reklamos projektų vadovas (-ė);UAB „Media partner“;1500-2500;€/mėn.;Į rankas;https://www.cvbankas.lt/skaitmenines-reklamos-projektu-vadovas-e-vilniuje/1-10950576
Projektų vadovas;UAB „Tranela“;3500-6000;€/mėn.;Neatskaičius mokesčių;https://www.cvbankas.lt/projektu-vadovas-vilniuje/1-11055985
Visuomenės sveikatos stiprinimo skyriaus vadovas (-ė);Amber staff;1953-4248;€/mėn.;Neatskaičius mokesčių;https://www.cvbankas.lt/visuomenes-sveikatos-stiprinimo-skyriaus-vadovas-e-vilniuje/1-10234835
STATYBOS PROJEKTŲ VADOVAS (-Ė);AB Vilniaus šilumos tinklai;2250-3350;€/mėn.;Neatskaičius mokesčių;https://www.cvbankas.lt/statybos-projektu-vadovas-e-vilniuje/1-10947484
SKAITMENINIŲ KANALŲ PROJEKTŲ VADOVAS (-Ė);UAB „MAXIMA LT“;2400-2600;€/mėn.;Neatskaičius mokesčių;https://www.cvbankas.lt/skaitmeniniu-kanalu-projektu-vadovas-e-vilniuje/1-11055913
IT tinklo administratorius (-ė);AB Lietuvos oro uostai;2800-3700;€/mėn.;Neatskaičius mokesčių;https://www.cvbankas.lt/it-tinklo-administratorius-e-vilniuje/1-11055513
Serverių administratorius (-ė);AB Lietuvos oro uostai;2800-3700;€/mėn.;Neatskaičius mokesčių;https://www.cvbankas.lt/serveriu-administratorius-e-vilniuje/1-11055499
Projektų vadovas (-ė) (nestandartiniai baldai);UAB „BALTIC MASTER“;Nuo 1200;€/mėn.;Į rankas;https://www.cvbankas.lt/projektu-vadovas-e-nestandartiniai-baldai-vilniuje/1-11044549
Elektros, silpnų srovių, PVS projekto dalies vadovas (-ė);„Teltonikos“ įmonių grupė;2500-3000;€/mėn.;Į rankas;https://www.cvbankas.lt/elektros-silpnu-sroviu-pvs-projekto-dalies-vadovas-e-vilniuje/1-10774336
Projektinės veiklos valdymo vadovas (-ė);VĮ „Ignalinos atominė elektrinė“;5750-8600;€/mėn.;Neatskaičius mokesčių;https://www.cvbankas.lt/projektines-veiklos-valdymo-vadovas-e-vilniuje/1-11044225
Rinkodaros departamento vadovas (-ė);Aljansas AIBĖ, UAB;4960-5700;€/mėn.;Neatskaičius mokesčių;https://www.cvbankas.lt/rinkodaros-departamento-vadovas-e-vilniuje/1-11044625
SANDĖLIO VADOVAS (-Ė);UAB „Delamode Baltics“;2500-4000;€/mėn.;Į rankas;https://www.cvbankas.lt/sandelio-vadovas-e-vilniuje/1-10930674
Statybos projektų vadovas (-ė) UŽSIENYJE;UAB „Simplika“;5700-7500;€/mėn.;Neatskaičius mokesčių;https://www.cvbankas.lt/statybos-projektu-vadovas-e-uzsienyje-vilniuje/1-10582430
Klientų patirties valdymo vadovas (-ė);„Lietuvos geležinkelių“ grupė;2685-4025;€/mėn.;Neatskaičius mokesčių;https://www.cvbankas.lt/klientu-patirties-valdymo-vadovas-e-vilniuje/1-10472384
PROJEKTŲ VADOVAS (-Ė);AB Vilniaus šilumos tinklai;2250-3350;€/mėn.;Neatskaičius mokesčių;https://www.cvbankas.lt/projektu-vadovas-e-vilniuje/1-10934592
Pardavimų projektų vadovas (-ė) (Eksportas);UAB „People Link“;3306-3636;€/mėn.;Neatskaičius mokesčių;https://www.cvbankas.lt/pardavimu-projektu-vadovas-e-eksportas-vilniuje/1-10901080
Pastatų ūkio priežiūros vadovas (-ė);UAB „Balticsofa“;2700;€/mėn.;Neatskaičius mokesčių;https://www.cvbankas.lt/pastatu-ukio-prieziuros-vadovas-e-vilniuje/1-11040267
Pardavimų komandos vadovas Vilniuje;UAB „TELE2“;2100-4000;€/mėn.;Neatskaičius mokesčių;https://www.cvbankas.lt/pardavimu-komandos-vadovas-vilniuje-vilniuje/1-11038149
Pardavimų skyriaus vadovas (-ė) (programinė įranga);UAB „Personalo valdymo inovacijos“;4959-5786;€/mėn.;Neatskaičius mokesčių;https://www.cvbankas.lt/pardavimu-skyriaus-vadovas-e-programine-iranga-vilniuje/1-11037913
Apdailos projektų vadovas;MGVapdaila;1500-3000;€/mėn.;Į rankas;https://www.cvbankas.lt/apdailos-projektu-vadovas-vilniuje/1-9518146
Programinės įrangos projektų vadovas (-ė);UAB „Personalo valdymo inovacijos“;3306-4959;€/mėn.;Neatskaičius mokesčių;https://www.cvbankas.lt/programines-irangos-projektu-vadovas-e-vilniuje/1-11037903
Statybos darbų techninės priežiūros vadovas (-ė);UAB „Personalo valdymo inovacijos“;4463-5455;€/mėn.;Neatskaičius mokesčių;https://www.cvbankas.lt/statybos-darbu-technines-prieziuros-vadovas-e-vilniuje/1-11037685
Statybos projekto vadovas (-ė);UAB „Personalo valdymo inovacijos“;4959-6612;€/mėn.;Neatskaičius mokesčių;https://www.cvbankas.lt/statybos-projekto-vadovas-e-vilniuje/1-11037663
Projekto statybos dalies vadovas (-ė);UAB „Personalo valdymo inovacijos“;4959-5786;€/mėn.;Neatskaičius mokesčių;https://www.cvbankas.lt/projekto-statybos-dalies-vadovas-e-vilniuje/1-11037643
Statinio statybos vadovas (-ė);„Teltonikos“ įmonių grupė;2500-3500;€/mėn.;Į rankas;https://www.cvbankas.lt/statinio-statybos-vadovas-e-vilniuje/1-10581956
Konferencinių paslaugų bei poilsio organizavimo pardavimų projektų vadovas (-ė) (darbui biure,aktyvūs pardavimai);UAB „HR Management“;1800-3000;€/mėn.;Neatskaičius mokesčių;https://www.cvbankas.lt/konferenciniu-paslaugu-bei-poilsio-organizavimo-pardavimu-projektu-vadovas-e-darbui-biure-aktyvus-pardavimai-vilniuje/1-11035491
Pardavimų vystymo projektų vadovas (-ė) (aktyvūs pardavimai);UAB „HR Management“;2000-3500;€/mėn.;Neatskaičius mokesčių;https://www.cvbankas.lt/pardavimu-vystymo-projektu-vadovas-e-aktyvus-pardavimai-vilniuje/1-11035481
Projektų vadovas (-ė) - analitikas (-ė);UAB „Dizaino kryptis“;n/a;n/a;n/a;https://www.cvbankas.lt/projektu-vadovas-e-analitikas-e-vilniuje/1-8271623
Projektų vadovas (-ė) • EMS;„Teltonikos“ įmonių grupė;3120-3467;€/mėn.;Neatskaičius mokesčių;https://www.cvbankas.lt/projektu-vadovas-e-ems-vilniuje/1-11026043
Projektų vadovas (-ė) (infrastruktūros statybiniai projektai);AB Lietuvos oro uostai;2800-3200;€/mėn.;Neatskaičius mokesčių;https://www.cvbankas.lt/projektu-vadovas-e-infrastrukturos-statybiniai-projektai-vilniuje/1-10612682
Statinio statybos vadovas (-ė) Vilniuje;UAB „INFES“;Nuo 3310;€/mėn.;Neatskaičius mokesčių;https://www.cvbankas.lt/statinio-statybos-vadovas-e-vilniuje-vilniuje/1-8314697
Junior SEO specialistas (-ė);UAB „Ateities rinkodara“;Nuo 1000;€/mėn.;Į rankas;https://www.cvbankas.lt/junior-seo-specialistas-e-vilniuje/1-11023667
Statybos darbų vadovas (-ė);UAB „People Link“;Nuo 2000;€/mėn.;Neatskaičius mokesčių;https://www.cvbankas.lt/statybos-darbu-vadovas-e-vilniuje/1-11023753
Pardavimų vadovas (-ė) (izoliavimo - skardinimo ir pastolių montavimo projektai);UAB „Hotrema“;Nuo 5000;€/mėn.;Neatskaičius mokesčių;https://www.cvbankas.lt/pardavimu-vadovas-e-izoliavimo-skardinimo-ir-pastoliu-montavimo-projektai-vilniuje/1-11023247
BIM vadovas (-ė) – Technologinio turto valdymo grupėje;EPSO-G grupė;3000-3800;€/mėn.;Neatskaičius mokesčių;https://www.cvbankas.lt/bim-vadovas-e-technologinio-turto-valdymo-grupeje-vilniuje/1-10091931
